message,class
Как мне записаться на прием к врачу?,Запись на прием
Какие документы нужны для записи на прием?,Запись на прием
Какие дни и часы работы приемной?,Запись на прием
Как быстро можно записаться на прием?,Запись на прием
Могу ли я выбрать время приема врача?,Запись на прием
Могу ли я записаться на прием онлайн?,Запись на прием
Как отменить запись на прием?,Запись на прием
Как изменить время записи на прием?,Запись на прием
"Что делать, если я не смогу прийти на записанный прием?",Запись на прием
"Как узнать, остались ли свободные места на приеме?",Запись на прием
Как записаться на прием к врачу?,Запись на прием
Какие документы необходимо предоставить при записи на прием?,Запись на прием
Какие специалисты доступны для записи?,Запись на прием
Как узнать расписание работы врача?,Запись на прием
Как изменить время приема?,Запись на прием
Могу ли я записаться на прием по телефону?,Запись на прием
Могу ли я записаться на прием через интернет?,Запись на прием
Какие данные нужно указать при онлайн-записи?,Запись на прием
Как изменить время моего приема?,Изменение времени приема
Какие документы необходимо предоставить для изменения времени приема?,Изменение времени приема
"Как узнать, есть ли свободные слоты для изменения времени приема?",Изменение времени приема
Как долго ждать подтверждения изменения времени приема?,Изменение времени приема
Могу ли я изменить время приема к другому врачу?,Изменение времени приема
Как отменить изменение времени приема?,Изменение времени приема
Могу ли я изменить время приема через интернет?,Изменение времени приема
Какие данные нужно указать при изменении времени приема онлайн?,Изменение времени приема
Можно ли изменить время приема по телефону?,Изменение времени приема
"Как узнать, что мое изменение времени приема успешно прошло?",Изменение времени приема
"Есть ли ограничения по количеству раз, когда можно изменить время приема?",Изменение времени приема
Как изменение времени приема повлияет на мое назначение?,Изменение времени приема
"Могу ли я изменить время приема, если уже получил направление на обследование?",Изменение времени приема
"Могу ли я изменить время приема, если уже получил рецепт на лекарство?",Изменение времени приема
Какие услуги могут быть оказаны при изменении времени приема?,Изменение времени приема
Как изменить время приема?,Изменение времени приема
Как отменить прием?,Изменение времени приема
"Как узнать, можно ли изменить время приема, если запись уже подтверждена?",Изменение времени приема
Как связаться с медицинской организацией для изменения времени приема?,Изменение времени приема
Какие данные нужно предоставить для изменения времени приема?,Изменение времени приема
Есть ли какие-то ограничения по изменению времени приема?,Изменение времени приема
Как долго нужно ждать подтверждения изменения времени приема?,Изменение времени приема
Могу ли я изменить время приема на другой день?,Изменение времени приема
Можно ли изменить время приема на более ранний или более поздний период?,Изменение времени приема
"Как узнать, что изменение времени приема прошло успешно?",Изменение времени приема
Как получить результаты анализов?,Результаты анализов
Как долго нужно ждать результаты анализов?,Результаты анализов
Можно ли получить результаты анализов онлайн?,Результаты анализов
Какие данные нужны для получения результатов анализов?,Результаты анализов
Можно ли получить результаты анализов по телефону?,Результаты анализов
Могу ли я получить копию результатов анализов?,Результаты анализов
"Если результаты анализов аномальные, что делать?",Результаты анализов
Как происходит интерпретация результатов анализов?,Результаты анализов
Какая информация содержится в результатах анализов?,Результаты анализов
"Как связаться с медицинской организацией, если у меня возникли вопросы по результатам анализов?",Результаты анализов
Когда я смогу получить результаты анализов?,Результаты анализов
Какие анализы мне были назначены?,Результаты анализов
"Как узнать, что результаты анализов готовы?",Результаты анализов
Как мне получить результаты анализов?,Результаты анализов
Могу ли я получить результаты анализов по электронной почте или в мобильном приложении?,Результаты анализов
Могу ли я получить результаты анализов по почте?,Результаты анализов
Могу ли я получить результаты анализов у лечащего врача?,Результаты анализов
Как я могу получить консультацию по результатам анализов?,Результаты анализов
Что означают результаты анализов и как их интерпретировать?,Результаты анализов
"Если я не могу понять результаты анализов, что мне делать?",Результаты анализов
Могу ли я получить копию результатов анализов для своих записей?,Результаты анализов
Как долго хранятся результаты анализов?,Результаты анализов
Какие причины могут привести к задержке в получении результатов анализов?,Результаты анализов
Как узнать результаты анализов?,Результаты анализов
Как быстро можно получить результаты анализов?,Результаты анализов
Какие анализы можно получить онлайн?,Результаты анализов
Какие данные нужно предоставить для получения результатов анализов?,Результаты анализов
Могу ли я получить результаты анализов по почте или электронной почте?,Результаты анализов
"Как узнать, если результаты анализов готовы?",Результаты анализов
Можно ли получить копию результатов анализов?,Результаты анализов
"Как понять, что означают результаты анализов?",Результаты анализов
"Есть ли врач, который может объяснить мне результаты анализов?",Результаты анализов
"Что делать, если результаты анализов вызывают беспокойство?",Результаты анализов
Как долго хранятся результаты анализов в медицинской организации?,Результаты анализов
"Могу ли я получить результаты анализов, если обратился в другую медицинскую организацию?",Результаты анализов
Какие услуги могут быть оказаны на основе результатов анализов?,Результаты анализов
Как получить медицинскую справку?,Справки
Какие виды медицинских справок выдает медицинская организация?,Справки
Какие данные нужно предоставить для получения медицинской справки?,Справки
Какие сроки выдачи медицинских справок?,Справки
"Как узнать, если медицинская справка готова?",Справки
Могу ли я получить медицинскую справку по почте или электронной почте?,Справки
"Как узнать, сколько стоит медицинская справка?",Справки
Как долго действительна медицинская справка?,Справки
Могу ли я получить медицинскую справку на другом языке?,Справки
Какие медицинские справки нужны для трудоустройства?,Справки
Какие медицинские справки нужны для поступления в учебное заведение?,Справки
Какие медицинские справки нужны для получения водительского удостоверения?,Справки
Какие медицинские справки нужны для выезда за границу?,Справки
Могу ли я получить медицинскую справку в другой медицинской организации?,Справки
"Здравствуйте, я хотел бы узнать, какую процедуру можно сделать для коррекции формы бровей?",Пластическая хирургия
"Добрый день, у меня слишком широкие бедра. Можно ли их уменьшить операцией?",Пластическая хирургия
"Здравствуйте, я бы хотел узнать, как происходит операция по увеличению губ?",Пластическая хирургия
"Добрый день, у меня после родов появились растяжки на груди. Какая процедура поможет их устранить?",Пластическая хирургия
"Здравствуйте, у меня сильно выступающие скулы. Можно ли это исправить операцией?",Пластическая хирургия
"Здравствуйте, я хотел бы узнать о возможностях пластической операции по изменению формы носа.",Пластическая хирургия
"Добрый день, я хочу сделать операцию по уменьшению груди. Какие есть риски и ограничения?",Пластическая хирургия
"Здравствуйте, я хотел бы узнать, какие есть методы увеличения губ и какой из них лучше выбрать.",Пластическая хирургия
"Добрый день, я хочу сделать операцию по подтяжке лица. Как долго будет идти восстановление после операции?",Пластическая хирургия
"Здравствуйте, мне нужно сделать операцию по уменьшению живота. Сколько времени займет восстановление?",Пластическая хирургия
"Добрый день, я бы хотел сделать операцию по увеличению груди. Какой размер будет наилучшим выбором?",Пластическая хирургия
"Здравствуйте, я хочу сделать операцию по изменению формы ушей. Какие ограничения будут после операции?",Пластическая хирургия
"Добрый день, мне интересно, сколько времени займет операция по подтяжке бедер и ягодиц?",Пластическая хирургия
"Здравствуйте, мне нужно сделать операцию по уменьшению подбородка. Как долго буду носить повязку после операции?",Пластическая хирургия
"Добрый день, я бы хотел узнать, какие есть методы увеличения груди без имплантатов?",Пластическая хирургия
"Здравствуйте, мне нужно сделать операцию по увеличению ягодиц. Какие риски с этим связаны?",Пластическая хирургия
"Добрый день, я хотел бы узнать о возможностях пластической операции по удалению рубцов.",Пластическая хирургия
"Здравствуйте, мне нужно сделать операцию по уменьшению носа. Сколько времени я буду носить гипс?",Пластическая хирургия
"Добрый день, я хотел бы узнать о возможностях пластической операции по удалению морщин.",Пластическая хирургия
"Здравствуйте, я бы хотел узнать, какие ограничения будут после операции по увеличению груди?",Пластическая хирургия
"Здравствуйте, я хотел бы узнать о возможных вариантах пластических операций для улучшения внешности.",Пластическая хирургия
"Добрый день, я интересуюсь пластической операцией на нос. Каковы риски и ожидаемые результаты?",Пластическая хирургия
"Здравствуйте, я хотел бы узнать о возможностях уменьшения размера груди.",Пластическая хирургия
"Добрый день, мне не нравится форма моей живота. Какие есть варианты пластической коррекции?",Пластическая хирургия
"Здравствуйте, я хотел бы узнать, какие есть возможности увеличения губ?",Пластическая хирургия
